sample_id,file_name,embedding_index
ID_QEUWDL,ID_QEUWDL.fastq,0
ID_QEYBAR,ID_QEYBAR.fastq,1
ID_QFGXFY,ID_QFGXFY.fastq,2
ID_QFJEAE,ID_QFJEAE.fastq,3
ID_QFRMJT,ID_QFRMJT.fastq,4
ID_QFXKXN,ID_QFXKXN.fastq,5
ID_QGAZUX,ID_QGAZUX.fastq,6
ID_QGDWDQ,ID_QGDWDQ.fastq,7
ID_QGHGYF,ID_QGHGYF.fastq,8
ID_QGNOYR,ID_QGNOYR.fastq,9
ID_QGQXCO,ID_QGQXCO.fastq,10
ID_QGSCRM,ID_QGSCRM.fastq,11
ID_QGXUEI,ID_QGXUEI.fastq,12
ID_QGYVAQ,ID_QGYVAQ.fastq,13
ID_QGZSDD,ID_QGZSDD.fastq,14
ID_QHAFQQ,ID_QHAFQQ.fastq,15
ID_QHDXZP,ID_QHDXZP.fastq,16
ID_QHQQQL,ID_QHQQQL.fastq,17
ID_QHUFOJ,ID_QHUFOJ.fastq,18
ID_QHUNXC,ID_QHUNXC.fastq,19
ID_QHXZVL,ID_QHXZVL.fastq,20
ID_QIAZVV,ID_QIAZVV.fastq,21
ID_QIDTIY,ID_QIDTIY.fastq,22
ID_QIEWCM,ID_QIEWCM.fastq,23
ID_QIGKXH,ID_QIGKXH.fastq,24
ID_QIVDZA,ID_QIVDZA.fastq,25
ID_QJKTNR,ID_QJKTNR.fastq,26
ID_QJPEKQ,ID_QJPEKQ.fastq,27
ID_QJSDET,ID_QJSDET.fastq,28
ID_QKFEUL,ID_QKFEUL.fastq,29
ID_QKHGFH,ID_QKHGFH.fastq,30
ID_QKIUEN,ID_QKIUEN.fastq,31
ID_QKKXBO,ID_QKKXBO.fastq,32
ID_QKWODY,ID_QKWODY.fastq,33
ID_QLJBQG,ID_QLJBQG.fastq,34
ID_QLPKWM,ID_QLPKWM.fastq,35
ID_QLVCNZ,ID_QLVCNZ.fastq,36
ID_QLVLPP,ID_QLVLPP.fastq,37
ID_QMAEJH,ID_QMAEJH.fastq,38
ID_QMBCXD,ID_QMBCXD.fastq,39
ID_QMGRLH,ID_QMGRLH.fastq,40
ID_QNIYTO,ID_QNIYTO.fastq,41
ID_QNKCHI,ID_QNKCHI.fastq,42
ID_QNVUXC,ID_QNVUXC.fastq,43
ID_QOOGSX,ID_QOOGSX.fastq,44
ID_QOWEPU,ID_QOWEPU.fastq,45
ID_QOWKSD,ID_QOWKSD.fastq,46
ID_QOYCSM,ID_QOYCSM.fastq,47
ID_QQKHWF,ID_QQKHWF.fastq,48
ID_QQPEWN,ID_QQPEWN.fastq,49
ID_QQQXWZ,ID_QQQXWZ.fastq,50
ID_QQTMKG,ID_QQTMKG.fastq,51
ID_QRIANS,ID_QRIANS.fastq,52
ID_QRMEQI,ID_QRMEQI.fastq,53
ID_QRMOMU,ID_QRMOMU.fastq,54
ID_QRXFNS,ID_QRXFNS.fastq,55
ID_QSEOLG,ID_QSEOLG.fastq,56
ID_QSGYLT,ID_QSGYLT.fastq,57
ID_QSHVPS,ID_QSHVPS.fastq,58
ID_QSJTXR,ID_QSJTXR.fastq,59
ID_QSKHOA,ID_QSKHOA.fastq,60
ID_QSRJZS,ID_QSRJZS.fastq,61
ID_QSTMJW,ID_QSTMJW.fastq,62
ID_QSUXQD,ID_QSUXQD.fastq,63
ID_QSVINJ,ID_QSVINJ.fastq,64
ID_QTFXHU,ID_QTFXHU.fastq,65
ID_QTNMJT,ID_QTNMJT.fastq,66
ID_QUJJBL,ID_QUJJBL.fastq,67
ID_QULIOE,ID_QULIOE.fastq,68
ID_QUNIRT,ID_QUNIRT.fastq,69
ID_QVBIRG,ID_QVBIRG.fastq,70
ID_QVJUFA,ID_QVJUFA.fastq,71
ID_QVQHUH,ID_QVQHUH.fastq,72
ID_QVSZTD,ID_QVSZTD.fastq,73
ID_QWLZZS,ID_QWLZZS.fastq,74
ID_QWMQSP,ID_QWMQSP.fastq,75
ID_QWUCUV,ID_QWUCUV.fastq,76
ID_QWZMST,ID_QWZMST.fastq,77
ID_QXCCJF,ID_QXCCJF.fastq,78
ID_QXPYBL,ID_QXPYBL.fastq,79
ID_QXUABZ,ID_QXUABZ.fastq,80
ID_QXULEY,ID_QXULEY.fastq,81
ID_QXVDGF,ID_QXVDGF.fastq,82
ID_QYHFBR,ID_QYHFBR.fastq,83
ID_QYJOEN,ID_QYJOEN.fastq,84
ID_QYZHJC,ID_QYZHJC.fastq,85
ID_QZKXVL,ID_QZKXVL.fastq,86
ID_QZXABU,ID_QZXABU.fastq,87
ID_RAOZUP,ID_RAOZUP.fastq,88
ID_RAQFMK,ID_RAQFMK.fastq,89
ID_RBGQMM,ID_RBGQMM.fastq,90
ID_RBHKBH,ID_RBHKBH.fastq,91
ID_RBHSYY,ID_RBHSYY.fastq,92
ID_RBIVOC,ID_RBIVOC.fastq,93
ID_RBUWMM,ID_RBUWMM.fastq,94
ID_RCAPFX,ID_RCAPFX.fastq,95
ID_RCMLJR,ID_RCMLJR.fastq,96
ID_RCOBQQ,ID_RCOBQQ.fastq,97
ID_RCWKPT,ID_RCWKPT.fastq,98
ID_RDDCSA,ID_RDDCSA.fastq,99
ID_RDENRF,ID_RDENRF.fastq,100
ID_RDIOGC,ID_RDIOGC.fastq,101
ID_RDNMJI,ID_RDNMJI.fastq,102
ID_RDOKQQ,ID_RDOKQQ.fastq,103
ID_RDOPCL,ID_RDOPCL.fastq,104
ID_RDUOOS,ID_RDUOOS.fastq,105
ID_RDVJIO,ID_RDVJIO.fastq,106
ID_RDXXEO,ID_RDXXEO.fastq,107
ID_RDYTWR,ID_RDYTWR.fastq,108
ID_RECNYQ,ID_RECNYQ.fastq,109
ID_RERJIA,ID_RERJIA.fastq,110
ID_REZGCO,ID_REZGCO.fastq,111
ID_REZMON,ID_REZMON.fastq,112
ID_RFDOBF,ID_RFDOBF.fastq,113
ID_RFLYVH,ID_RFLYVH.fastq,114
ID_RFNPLX,ID_RFNPLX.fastq,115
ID_RFPMWW,ID_RFPMWW.fastq,116
ID_RFRSHW,ID_RFRSHW.fastq,117
ID_RFRZJP,ID_RFRZJP.fastq,118
ID_RGFHMP,ID_RGFHMP.fastq,119
ID_RGLSYK,ID_RGLSYK.fastq,120
ID_RGRXUD,ID_RGRXUD.fastq,121
ID_RHCGIC,ID_RHCGIC.fastq,122
ID_RHSSJV,ID_RHSSJV.fastq,123
ID_RHSTAT,ID_RHSTAT.fastq,124
ID_RHUKFD,ID_RHUKFD.fastq,125
ID_RHVSHS,ID_RHVSHS.fastq,126
ID_RIUKYF,ID_RIUKYF.fastq,127
ID_RJACMO,ID_RJACMO.fastq,128
ID_RJCDKH,ID_RJCDKH.fastq,129
ID_RJFANZ,ID_RJFANZ.fastq,130
ID_RJJATX,ID_RJJATX.fastq,131
ID_RJJXAI,ID_RJJXAI.fastq,132
ID_RJRMSG,ID_RJRMSG.fastq,133
ID_RJRRLA,ID_RJRRLA.fastq,134
ID_RJXFWN,ID_RJXFWN.fastq,135
ID_RKPVRM,ID_RKPVRM.fastq,136
ID_RLVGWT,ID_RLVGWT.fastq,137
ID_RLVPCS,ID_RLVPCS.fastq,138
ID_RLZRVP,ID_RLZRVP.fastq,139
ID_RLZVVS,ID_RLZVVS.fastq,140
ID_RMEJUV,ID_RMEJUV.fastq,141
ID_RMGKIV,ID_RMGKIV.fastq,142
ID_RMHCAV,ID_RMHCAV.fastq,143
ID_RMKYIJ,ID_RMKYIJ.fastq,144
ID_RMSOVF,ID_RMSOVF.fastq,145
ID_RNOFHW,ID_RNOFHW.fastq,146
ID_RNOGHM,ID_RNOGHM.fastq,147
ID_RNXOKO,ID_RNXOKO.fastq,148
ID_ROSKAG,ID_ROSKAG.fastq,149
ID_RPDLMK,ID_RPDLMK.fastq,150
ID_RPGZQX,ID_RPGZQX.fastq,151
ID_RPHNNT,ID_RPHNNT.fastq,152
ID_RPQAQR,ID_RPQAQR.fastq,153
ID_RPQMXJ,ID_RPQMXJ.fastq,154
ID_RPUABZ,ID_RPUABZ.fastq,155
ID_RPUOTQ,ID_RPUOTQ.fastq,156
ID_RQBYVD,ID_RQBYVD.fastq,157
ID_RQFAPW,ID_RQFAPW.fastq,158
ID_RQKLOA,ID_RQKLOA.fastq,159
ID_RQLXUQ,ID_RQLXUQ.fastq,160
ID_RQREXW,ID_RQREXW.fastq,161
ID_RQSMSE,ID_RQSMSE.fastq,162
ID_RRCUUW,ID_RRCUUW.fastq,163
ID_RRDISB,ID_RRDISB.fastq,164
ID_RRGDHS,ID_RRGDHS.fastq,165
ID_RRMPTN,ID_RRMPTN.fastq,166
ID_RSLCAC,ID_RSLCAC.fastq,167
ID_RTGVLG,ID_RTGVLG.fastq,168
ID_RTJOSA,ID_RTJOSA.fastq,169
ID_RUJMIA,ID_RUJMIA.fastq,170
ID_RUKGTS,ID_RUKGTS.fastq,171
ID_RUMTYY,ID_RUMTYY.fastq,172
ID_RUTEIQ,ID_RUTEIQ.fastq,173
ID_RUYJEN,ID_RUYJEN.fastq,174
ID_RUYRLZ,ID_RUYRLZ.fastq,175
ID_RVXCHW,ID_RVXCHW.fastq,176
ID_RWCWHL,ID_RWCWHL.fastq,177
ID_RWGXZM,ID_RWGXZM.fastq,178
ID_RWPVQO,ID_RWPVQO.fastq,179
ID_RWSTLK,ID_RWSTLK.fastq,180
ID_RXDCHF,ID_RXDCHF.fastq,181
ID_RXPINY,ID_RXPINY.fastq,182
ID_RXVIBV,ID_RXVIBV.fastq,183
ID_RYEIDA,ID_RYEIDA.fastq,184
ID_RYKVIY,ID_RYKVIY.fastq,185
ID_RYLYOJ,ID_RYLYOJ.fastq,186
ID_RYMTIL,ID_RYMTIL.fastq,187
ID_RYZACL,ID_RYZACL.fastq,188
ID_RZAFKT,ID_RZAFKT.fastq,189
ID_RZDETX,ID_RZDETX.fastq,190
ID_RZFUPQ,ID_RZFUPQ.fastq,191
ID_RZIRFS,ID_RZIRFS.fastq,192
ID_RZLABK,ID_RZLABK.fastq,193
ID_RZNSLS,ID_RZNSLS.fastq,194
ID_SAHNKQ,ID_SAHNKQ.fastq,195
ID_SAJVNK,ID_SAJVNK.fastq,196
ID_SALDWX,ID_SALDWX.fastq,197
ID_SAXDHV,ID_SAXDHV.fastq,198
ID_SBDBGQ,ID_SBDBGQ.fastq,199
ID_SBEFQG,ID_SBEFQG.fastq,200
ID_SCBXQK,ID_SCBXQK.fastq,201
ID_SCLHSU,ID_SCLHSU.fastq,202
ID_SCTHOQ,ID_SCTHOQ.fastq,203
ID_SCXATO,ID_SCXATO.fastq,204
ID_SCZHWF,ID_SCZHWF.fastq,205
ID_SDBMPJ,ID_SDBMPJ.fastq,206
ID_SDDCBD,ID_SDDCBD.fastq,207
ID_SDGLDY,ID_SDGLDY.fastq,208
ID_SDIENN,ID_SDIENN.fastq,209
ID_SDIJUP,ID_SDIJUP.fastq,210
ID_SDOATO,ID_SDOATO.fastq,211
ID_SDQZXV,ID_SDQZXV.fastq,212
ID_SDROHL,ID_SDROHL.fastq,213
ID_SEGDUI,ID_SEGDUI.fastq,214
ID_SEKQNQ,ID_SEKQNQ.fastq,215
ID_SELZUO,ID_SELZUO.fastq,216
ID_SEQAAH,ID_SEQAAH.fastq,217
ID_SEUIJC,ID_SEUIJC.fastq,218
ID_SEYASA,ID_SEYASA.fastq,219
ID_SFDOWK,ID_SFDOWK.fastq,220
ID_SFKWQU,ID_SFKWQU.fastq,221
ID_SFNYPG,ID_SFNYPG.fastq,222
ID_SFQJVA,ID_SFQJVA.fastq,223
ID_SFTJTE,ID_SFTJTE.fastq,224
ID_SFVKUV,ID_SFVKUV.fastq,225
ID_SFYYKM,ID_SFYYKM.fastq,226
ID_SFZPRU,ID_SFZPRU.fastq,227
ID_SGLWFR,ID_SGLWFR.fastq,228
ID_SGMHUP,ID_SGMHUP.fastq,229
ID_SGNGVK,ID_SGNGVK.fastq,230
ID_SGQCGB,ID_SGQCGB.fastq,231
ID_SHBMXT,ID_SHBMXT.fastq,232
ID_SHTOGD,ID_SHTOGD.fastq,233
ID_SHXXGX,ID_SHXXGX.fastq,234
ID_SIABGZ,ID_SIABGZ.fastq,235
ID_SIAIEF,ID_SIAIEF.fastq,236
ID_SIAKHP,ID_SIAKHP.fastq,237
ID_SIUHET,ID_SIUHET.fastq,238
ID_SIVONK,ID_SIVONK.fastq,239
ID_SIZHDN,ID_SIZHDN.fastq,240
ID_SJBHLY,ID_SJBHLY.fastq,241
ID_SJISFH,ID_SJISFH.fastq,242
ID_SJXYCX,ID_SJXYCX.fastq,243
ID_SKGSUZ,ID_SKGSUZ.fastq,244
ID_SKLUEO,ID_SKLUEO.fastq,245
ID_SKOSYS,ID_SKOSYS.fastq,246
ID_SKTHSC,ID_SKTHSC.fastq,247
ID_SKWMQF,ID_SKWMQF.fastq,248
ID_SLCENG,ID_SLCENG.fastq,249
ID_SLIDPN,ID_SLIDPN.fastq,250
ID_SLNNBW,ID_SLNNBW.fastq,251
ID_SLVJSW,ID_SLVJSW.fastq,252
ID_SLWQXY,ID_SLWQXY.fastq,253
ID_SLYCEW,ID_SLYCEW.fastq,254
ID_SMCTRE,ID_SMCTRE.fastq,255
ID_SMFXMD,ID_SMFXMD.fastq,256
ID_SMLZZZ,ID_SMLZZZ.fastq,257
ID_SMNCUV,ID_SMNCUV.fastq,258
ID_SNIYEL,ID_SNIYEL.fastq,259
ID_SNMGPF,ID_SNMGPF.fastq,260
ID_SNROOG,ID_SNROOG.fastq,261
ID_SOJEFZ,ID_SOJEFZ.fastq,262
ID_SONENS,ID_SONENS.fastq,263
ID_SOQDCV,ID_SOQDCV.fastq,264
ID_SOQPDK,ID_SOQPDK.fastq,265
ID_SOTSNO,ID_SOTSNO.fastq,266
ID_SOVMOW,ID_SOVMOW.fastq,267
ID_SPIHMX,ID_SPIHMX.fastq,268
ID_SPTLYL,ID_SPTLYL.fastq,269
ID_SPTTLU,ID_SPTTLU.fastq,270
ID_SPUFQG,ID_SPUFQG.fastq,271
ID_SPWCKF,ID_SPWCKF.fastq,272
ID_SQAHCR,ID_SQAHCR.fastq,273
ID_SQDSJX,ID_SQDSJX.fastq,274
ID_SQKNLW,ID_SQKNLW.fastq,275
ID_SQKSKP,ID_SQKSKP.fastq,276
ID_SQLDZA,ID_SQLDZA.fastq,277
ID_SRAECR,ID_SRAECR.fastq,278
ID_SRAOCX,ID_SRAOCX.fastq,279
ID_SRENLD,ID_SRENLD.fastq,280
ID_SRJXWI,ID_SRJXWI.fastq,281
ID_SRQSVA,ID_SRQSVA.fastq,282
ID_SRROAF,ID_SRROAF.fastq,283
ID_SRUAMV,ID_SRUAMV.fastq,284
ID_SRXWZL,ID_SRXWZL.fastq,285
ID_SSFZSH,ID_SSFZSH.fastq,286
ID_SSJENF,ID_SSJENF.fastq,287
ID_SSJMLT,ID_SSJMLT.fastq,288
ID_SSMZZC,ID_SSMZZC.fastq,289
ID_SSUGLQ,ID_SSUGLQ.fastq,290
ID_STBAUV,ID_STBAUV.fastq,291
ID_STHVZO,ID_STHVZO.fastq,292
ID_STLXWH,ID_STLXWH.fastq,293
ID_STOYBC,ID_STOYBC.fastq,294
ID_STZCVV,ID_STZCVV.fastq,295
ID_SUEWOE,ID_SUEWOE.fastq,296
ID_SUFHWN,ID_SUFHWN.fastq,297
ID_SUKLXO,ID_SUKLXO.fastq,298
ID_SVBOSI,ID_SVBOSI.fastq,299
ID_SVFNIU,ID_SVFNIU.fastq,300
ID_SVGKOV,ID_SVGKOV.fastq,301
ID_SVIKGG,ID_SVIKGG.fastq,302
ID_SVRBSK,ID_SVRBSK.fastq,303
ID_SVTGZK,ID_SVTGZK.fastq,304
ID_SWAMNY,ID_SWAMNY.fastq,305
ID_SWBWDO,ID_SWBWDO.fastq,306
ID_SWLMOF,ID_SWLMOF.fastq,307
ID_SWMOBW,ID_SWMOBW.fastq,308
ID_SWRGVB,ID_SWRGVB.fastq,309
ID_SXEXXN,ID_SXEXXN.fastq,310
ID_SXHPIN,ID_SXHPIN.fastq,311
ID_SXJCXW,ID_SXJCXW.fastq,312
ID_SXMHZX,ID_SXMHZX.fastq,313
ID_SXQYQD,ID_SXQYQD.fastq,314
ID_SYBJZK,ID_SYBJZK.fastq,315
ID_SYDJNC,ID_SYDJNC.fastq,316
ID_SYGXVK,ID_SYGXVK.fastq,317
ID_SYHYEN,ID_SYHYEN.fastq,318
ID_SYKKZW,ID_SYKKZW.fastq,319
ID_SYQBWG,ID_SYQBWG.fastq,320
ID_SZBBOZ,ID_SZBBOZ.fastq,321
ID_SZFJQA,ID_SZFJQA.fastq,322
ID_SZMQDY,ID_SZMQDY.fastq,323
ID_SZPLDA,ID_SZPLDA.fastq,324
ID_SZSLBL,ID_SZSLBL.fastq,325
ID_TAPFTR,ID_TAPFTR.fastq,326
ID_TAQXWK,ID_TAQXWK.fastq,327
ID_TARXYN,ID_TARXYN.fastq,328
ID_TAURTG,ID_TAURTG.fastq,329
ID_TAVNCM,ID_TAVNCM.fastq,330
ID_TBJXFH,ID_TBJXFH.fastq,331
ID_TBRUSV,ID_TBRUSV.fastq,332
ID_TBVRTZ,ID_TBVRTZ.fastq,333
ID_TBZZOX,ID_TBZZOX.fastq,334
ID_TCAOQR,ID_TCAOQR.fastq,335
ID_TCATBJ,ID_TCATBJ.fastq,336
ID_TCGUUX,ID_TCGUUX.fastq,337
ID_TCIMIS,ID_TCIMIS.fastq,338
ID_TCJEOZ,ID_TCJEOZ.fastq,339
ID_TCJJCH,ID_TCJJCH.fastq,340
ID_TCTWYQ,ID_TCTWYQ.fastq,341
ID_TDCEGY,ID_TDCEGY.fastq,342
ID_TDDLGO,ID_TDDLGO.fastq,343
ID_TDHPCB,ID_TDHPCB.fastq,344
ID_TDMQDX,ID_TDMQDX.fastq,345
ID_TDWGHX,ID_TDWGHX.fastq,346
ID_TDZAQB,ID_TDZAQB.fastq,347
ID_TECBNC,ID_TECBNC.fastq,348
ID_TECBUE,ID_TECBUE.fastq,349
ID_TEIPCL,ID_TEIPCL.fastq,350
ID_TERCGX,ID_TERCGX.fastq,351
ID_TEYGYH,ID_TEYGYH.fastq,352
ID_TFMIDX,ID_TFMIDX.fastq,353
ID_TFVABS,ID_TFVABS.fastq,354
ID_TFYEGV,ID_TFYEGV.fastq,355
ID_TGDJBC,ID_TGDJBC.fastq,356
ID_TGIKMF,ID_TGIKMF.fastq,357
ID_TGKSYK,ID_TGKSYK.fastq,358
ID_TGLKAT,ID_TGLKAT.fastq,359
ID_TGLQFT,ID_TGLQFT.fastq,360
ID_TGMLFE,ID_TGMLFE.fastq,361
ID_TGNWGN,ID_TGNWGN.fastq,362
ID_TGQCFN,ID_TGQCFN.fastq,363
ID_TGSMCA,ID_TGSMCA.fastq,364
ID_THBEMW,ID_THBEMW.fastq,365
ID_THCYCL,ID_THCYCL.fastq,366
ID_THFVQY,ID_THFVQY.fastq,367
ID_THIKAI,ID_THIKAI.fastq,368
ID_THSDRI,ID_THSDRI.fastq,369
ID_THWJLG,ID_THWJLG.fastq,370
ID_THXHWN,ID_THXHWN.fastq,371
ID_THYQTS,ID_THYQTS.fastq,372
ID_TIDWRJ,ID_TIDWRJ.fastq,373
ID_TIGKMZ,ID_TIGKMZ.fastq,374
ID_TIJCBA,ID_TIJCBA.fastq,375
ID_TIJGNH,ID_TIJGNH.fastq,376
ID_TILODO,ID_TILODO.fastq,377
ID_TJBXHV,ID_TJBXHV.fastq,378
ID_TJJCBW,ID_TJJCBW.fastq,379
ID_TJKSIM,ID_TJKSIM.fastq,380
ID_TJXFGH,ID_TJXFGH.fastq,381
ID_TJZYWG,ID_TJZYWG.fastq,382
ID_TKDLJM,ID_TKDLJM.fastq,383
ID_TKLCDB,ID_TKLCDB.fastq,384
ID_TKSOAC,ID_TKSOAC.fastq,385
ID_TLZJNL,ID_TLZJNL.fastq,386
ID_TMSZHJ,ID_TMSZHJ.fastq,387
ID_TMVWBN,ID_TMVWBN.fastq,388
ID_TMWQXY,ID_TMWQXY.fastq,389
ID_TMYQKD,ID_TMYQKD.fastq,390
ID_TNAQDD,ID_TNAQDD.fastq,391
ID_TNEACB,ID_TNEACB.fastq,392
ID_TNGWXU,ID_TNGWXU.fastq,393
ID_TNJCEO,ID_TNJCEO.fastq,394
ID_TNLFMD,ID_TNLFMD.fastq,395
ID_TNMHGB,ID_TNMHGB.fastq,396
ID_TNQPPV,ID_TNQPPV.fastq,397
ID_TNTXIE,ID_TNTXIE.fastq,398
ID_TNURVN,ID_TNURVN.fastq,399
ID_TOCJWI,ID_TOCJWI.fastq,400
ID_TOCSQB,ID_TOCSQB.fastq,401
ID_TOHWWI,ID_TOHWWI.fastq,402
ID_TOQKGI,ID_TOQKGI.fastq,403
ID_TOQQPL,ID_TOQQPL.fastq,404
ID_TPQIZP,ID_TPQIZP.fastq,405
ID_TPTUPI,ID_TPTUPI.fastq,406
ID_TQIYXC,ID_TQIYXC.fastq,407
ID_TQPIML,ID_TQPIML.fastq,408
ID_TRLZCY,ID_TRLZCY.fastq,409
ID_TRNGPX,ID_TRNGPX.fastq,410
ID_TROSGR,ID_TROSGR.fastq,411
ID_TRPFKC,ID_TRPFKC.fastq,412
ID_TSBTQQ,ID_TSBTQQ.fastq,413
ID_TSIFIS,ID_TSIFIS.fastq,414
ID_TSMWWV,ID_TSMWWV.fastq,415
ID_TSSGMA,ID_TSSGMA.fastq,416
ID_TSVMLH,ID_TSVMLH.fastq,417
ID_TTIGGM,ID_TTIGGM.fastq,418
ID_TTKRSM,ID_TTKRSM.fastq,419
ID_TTPHCU,ID_TTPHCU.fastq,420
ID_TTSHFK,ID_TTSHFK.fastq,421
ID_TTWLMF,ID_TTWLMF.fastq,422
ID_TUAOUA,ID_TUAOUA.fastq,423
ID_TUENGT,ID_TUENGT.fastq,424
ID_TUILYA,ID_TUILYA.fastq,425
ID_TULAQG,ID_TULAQG.fastq,426
ID_TULYBL,ID_TULYBL.fastq,427
ID_TURBRL,ID_TURBRL.fastq,428
ID_TUTUMC,ID_TUTUMC.fastq,429
ID_TVGQIA,ID_TVGQIA.fastq,430
ID_TVHMWE,ID_TVHMWE.fastq,431
ID_TVKUDA,ID_TVKUDA.fastq,432
ID_TVMGDS,ID_TVMGDS.fastq,433
ID_TVTYLX,ID_TVTYLX.fastq,434
ID_TVYFBL,ID_TVYFBL.fastq,435
ID_TWEXYJ,ID_TWEXYJ.fastq,436
ID_TWFNQK,ID_TWFNQK.fastq,437
ID_TWKCDD,ID_TWKCDD.fastq,438
ID_TWMMMI,ID_TWMMMI.fastq,439
ID_TWNVWK,ID_TWNVWK.fastq,440
ID_TWSVIL,ID_TWSVIL.fastq,441
ID_TWVGEI,ID_TWVGEI.fastq,442
ID_TWVNSY,ID_TWVNSY.fastq,443
ID_TWYWRZ,ID_TWYWRZ.fastq,444
ID_TXDMXL,ID_TXDMXL.fastq,445
ID_TXSOBQ,ID_TXSOBQ.fastq,446
ID_TYVQCI,ID_TYVQCI.fastq,447
ID_TZANBY,ID_TZANBY.fastq,448
ID_TZBFDB,ID_TZBFDB.fastq,449
ID_TZCHDX,ID_TZCHDX.fastq,450
ID_TZFRME,ID_TZFRME.fastq,451
ID_TZGGYM,ID_TZGGYM.fastq,452
ID_TZJYWX,ID_TZJYWX.fastq,453
ID_TZSBFE,ID_TZSBFE.fastq,454
ID_TZZSPH,ID_TZZSPH.fastq,455
ID_UACBZD,ID_UACBZD.fastq,456
ID_UAFKOV,ID_UAFKOV.fastq,457
ID_UBMHWD,ID_UBMHWD.fastq,458
ID_UBQGXW,ID_UBQGXW.fastq,459
ID_UBXJDL,ID_UBXJDL.fastq,460
ID_UCEKJC,ID_UCEKJC.fastq,461
ID_UCJVWG,ID_UCJVWG.fastq,462
ID_UCVTEJ,ID_UCVTEJ.fastq,463
ID_UCVUTW,ID_UCVUTW.fastq,464
ID_UCYQII,ID_UCYQII.fastq,465
ID_UCYTKY,ID_UCYTKY.fastq,466
ID_UCZYVP,ID_UCZYVP.fastq,467
ID_UDEOKN,ID_UDEOKN.fastq,468
ID_UDKCHE,ID_UDKCHE.fastq,469
ID_UDMAGQ,ID_UDMAGQ.fastq,470
ID_UDNNRV,ID_UDNNRV.fastq,471
ID_UECEFB,ID_UECEFB.fastq,472
ID_UECSHZ,ID_UECSHZ.fastq,473
ID_UEEXXM,ID_UEEXXM.fastq,474
ID_UEGEIC,ID_UEGEIC.fastq,475
ID_UEIEBJ,ID_UEIEBJ.fastq,476
ID_UEUQYN,ID_UEUQYN.fastq,477
ID_UEZVEY,ID_UEZVEY.fastq,478
ID_UFESLN,ID_UFESLN.fastq,479
ID_UGBGST,ID_UGBGST.fastq,480
ID_UGCBEJ,ID_UGCBEJ.fastq,481
ID_UGDGDX,ID_UGDGDX.fastq,482
ID_UGGCQE,ID_UGGCQE.fastq,483
ID_UGHIJY,ID_UGHIJY.fastq,484
ID_UGIHAA,ID_UGIHAA.fastq,485
ID_UGLQWE,ID_UGLQWE.fastq,486
ID_UHGQNJ,ID_UHGQNJ.fastq,487
ID_UHNNZH,ID_UHNNZH.fastq,488
ID_UHPIES,ID_UHPIES.fastq,489
ID_UHPULL,ID_UHPULL.fastq,490
ID_UHUKOT,ID_UHUKOT.fastq,491
ID_UIAMVW,ID_UIAMVW.fastq,492
ID_UIBAKI,ID_UIBAKI.fastq,493
ID_UIEOVS,ID_UIEOVS.fastq,494
ID_UIGGRS,ID_UIGGRS.fastq,495
ID_UIIHLV,ID_UIIHLV.fastq,496
ID_UIYJPU,ID_UIYJPU.fastq,497
ID_UJEUPQ,ID_UJEUPQ.fastq,498
ID_UJLHZD,ID_UJLHZD.fastq,499
ID_UJTMTZ,ID_UJTMTZ.fastq,500
ID_UJYPHD,ID_UJYPHD.fastq,501
ID_UJZSPB,ID_UJZSPB.fastq,502
ID_UKSXLO,ID_UKSXLO.fastq,503
ID_UKUEPZ,ID_UKUEPZ.fastq,504
ID_ULCBOK,ID_ULCBOK.fastq,505
ID_ULEMXF,ID_ULEMXF.fastq,506
ID_ULFOMD,ID_ULFOMD.fastq,507
ID_ULNPYS,ID_ULNPYS.fastq,508
ID_ULTIZZ,ID_ULTIZZ.fastq,509
ID_ULUWAN,ID_ULUWAN.fastq,510
ID_UMCFAT,ID_UMCFAT.fastq,511
ID_UMQCNQ,ID_UMQCNQ.fastq,512
ID_UMSBSK,ID_UMSBSK.fastq,513
ID_UMVKOY,ID_UMVKOY.fastq,514
ID_UMWAND,ID_UMWAND.fastq,515
ID_UNDVCH,ID_UNDVCH.fastq,516
ID_UNJUUV,ID_UNJUUV.fastq,517
ID_UNOMVB,ID_UNOMVB.fastq,518
ID_UNPYGV,ID_UNPYGV.fastq,519
ID_UNQBCN,ID_UNQBCN.fastq,520
ID_UOAYVQ,ID_UOAYVQ.fastq,521
ID_UOZTDZ,ID_UOZTDZ.fastq,522
ID_UPFKOH,ID_UPFKOH.fastq,523
ID_UPMKEK,ID_UPMKEK.fastq,524
ID_UPXCMW,ID_UPXCMW.fastq,525
ID_UQOPBV,ID_UQOPBV.fastq,526
ID_UQPGDJ,ID_UQPGDJ.fastq,527
ID_UQRRNC,ID_UQRRNC.fastq,528
ID_UQXUSO,ID_UQXUSO.fastq,529
ID_UQYZWC,ID_UQYZWC.fastq,530
ID_URGUFF,ID_URGUFF.fastq,531
ID_URSCBR,ID_URSCBR.fastq,532
ID_USIQWB,ID_USIQWB.fastq,533
ID_USKAQU,ID_USKAQU.fastq,534
ID_USLYWK,ID_USLYWK.fastq,535
ID_UTHDNL,ID_UTHDNL.fastq,536
ID_UTIIPC,ID_UTIIPC.fastq,537
ID_UTIQPS,ID_UTIQPS.fastq,538
ID_UTLMJF,ID_UTLMJF.fastq,539
ID_UTQCPQ,ID_UTQCPQ.fastq,540
ID_UTWBNX,ID_UTWBNX.fastq,541
ID_UUCEUN,ID_UUCEUN.fastq,542
ID_UUFWNT,ID_UUFWNT.fastq,543
ID_UUHTRX,ID_UUHTRX.fastq,544
ID_UUMJGK,ID_UUMJGK.fastq,545
ID_UURHRO,ID_UURHRO.fastq,546
ID_UUYRHO,ID_UUYRHO.fastq,547
ID_UVHAHK,ID_UVHAHK.fastq,548
ID_UVQJPF,ID_UVQJPF.fastq,549
ID_UVWYRE,ID_UVWYRE.fastq,550
ID_UVZOOG,ID_UVZOOG.fastq,551
ID_UWFCAF,ID_UWFCAF.fastq,552
ID_UWHXUZ,ID_UWHXUZ.fastq,553
ID_UWJVDP,ID_UWJVDP.fastq,554
ID_UWKYTM,ID_UWKYTM.fastq,555
ID_UWTQSD,ID_UWTQSD.fastq,556
ID_UWZNKR,ID_UWZNKR.fastq,557
ID_UXATDL,ID_UXATDL.fastq,558
ID_UXBYVS,ID_UXBYVS.fastq,559
ID_UXDBCH,ID_UXDBCH.fastq,560
ID_UXKFHI,ID_UXKFHI.fastq,561
ID_UXNAWV,ID_UXNAWV.fastq,562
ID_UXPCCL,ID_UXPCCL.fastq,563
ID_UXPVEG,ID_UXPVEG.fastq,564
ID_UYDXGZ,ID_UYDXGZ.fastq,565
ID_UYEVEU,ID_UYEVEU.fastq,566
ID_UYNEET,ID_UYNEET.fastq,567
ID_UYPHAH,ID_UYPHAH.fastq,568
ID_UYQFMS,ID_UYQFMS.fastq,569
ID_UYXJRP,ID_UYXJRP.fastq,570
ID_UZBYAX,ID_UZBYAX.fastq,571
ID_UZJAZB,ID_UZJAZB.fastq,572
ID_UZKLQI,ID_UZKLQI.fastq,573
ID_UZVYBL,ID_UZVYBL.fastq,574
ID_UZYUHT,ID_UZYUHT.fastq,575
ID_VAAWYS,ID_VAAWYS.fastq,576
ID_VADVUY,ID_VADVUY.fastq,577
ID_VAGPKL,ID_VAGPKL.fastq,578
ID_VBDPBM,ID_VBDPBM.fastq,579
ID_VBKRKG,ID_VBKRKG.fastq,580
ID_VBMZQN,ID_VBMZQN.fastq,581
ID_VCGORV,ID_VCGORV.fastq,582
ID_VCIIWK,ID_VCIIWK.fastq,583
ID_VCNQPY,ID_VCNQPY.fastq,584
ID_VCPSZH,ID_VCPSZH.fastq,585
ID_VCTITA,ID_VCTITA.fastq,586
ID_VDPRYZ,ID_VDPRYZ.fastq,587
ID_VDVBLQ,ID_VDVBLQ.fastq,588
ID_VDWNHZ,ID_VDWNHZ.fastq,589
ID_VEBOUR,ID_VEBOUR.fastq,590
ID_VEMSPK,ID_VEMSPK.fastq,591
ID_VEVWRX,ID_VEVWRX.fastq,592
ID_VEZFJO,ID_VEZFJO.fastq,593
ID_VFOMLC,ID_VFOMLC.fastq,594
ID_VFPMCD,ID_VFPMCD.fastq,595
ID_VFQKJY,ID_VFQKJY.fastq,596
ID_VFTIZM,ID_VFTIZM.fastq,597
ID_VFVJUU,ID_VFVJUU.fastq,598
ID_VFVSEC,ID_VFVSEC.fastq,599
ID_VFYTPK,ID_VFYTPK.fastq,600
ID_VGFZFQ,ID_VGFZFQ.fastq,601
ID_VGIUSK,ID_VGIUSK.fastq,602
ID_VGKUEA,ID_VGKUEA.fastq,603
ID_VGPBQS,ID_VGPBQS.fastq,604
ID_VGZJOA,ID_VGZJOA.fastq,605
ID_VHCXYZ,ID_VHCXYZ.fastq,606
ID_VHIGCH,ID_VHIGCH.fastq,607
ID_VHJPZO,ID_VHJPZO.fastq,608
ID_VHRYZR,ID_VHRYZR.fastq,609
ID_VHZXDD,ID_VHZXDD.fastq,610
ID_VIATPI,ID_VIATPI.fastq,611
ID_VIFNLJ,ID_VIFNLJ.fastq,612
ID_VIIMWN,ID_VIIMWN.fastq,613
ID_VIJRDN,ID_VIJRDN.fastq,614
ID_VIVMVI,ID_VIVMVI.fastq,615
ID_VIVYHS,ID_VIVYHS.fastq,616
ID_VIZISR,ID_VIZISR.fastq,617
ID_VJBZEQ,ID_VJBZEQ.fastq,618
ID_VJQPPD,ID_VJQPPD.fastq,619
ID_VKFEGT,ID_VKFEGT.fastq,620
ID_VKILCJ,ID_VKILCJ.fastq,621
ID_VKLBCY,ID_VKLBCY.fastq,622
ID_VKLRCO,ID_VKLRCO.fastq,623
ID_VKSEGV,ID_VKSEGV.fastq,624
ID_VKWHQF,ID_VKWHQF.fastq,625
ID_VLBHGF,ID_VLBHGF.fastq,626
ID_VLCYPK,ID_VLCYPK.fastq,627
ID_VLWWXL,ID_VLWWXL.fastq,628
ID_VMONZR,ID_VMONZR.fastq,629
ID_VMYIMD,ID_VMYIMD.fastq,630
ID_VNJSFG,ID_VNJSFG.fastq,631
ID_VNMNMG,ID_VNMNMG.fastq,632
ID_VNPNUI,ID_VNPNUI.fastq,633
ID_VNRKYC,ID_VNRKYC.fastq,634
ID_VOKBOD,ID_VOKBOD.fastq,635
ID_VOLMYA,ID_VOLMYA.fastq,636
ID_VOMSHK,ID_VOMSHK.fastq,637
ID_VONEDK,ID_VONEDK.fastq,638
ID_VOSHTK,ID_VOSHTK.fastq,639
ID_VPHXJL,ID_VPHXJL.fastq,640
ID_VPVHRT,ID_VPVHRT.fastq,641
ID_VQCWAZ,ID_VQCWAZ.fastq,642
ID_VQIORC,ID_VQIORC.fastq,643
ID_VQJMFY,ID_VQJMFY.fastq,644
ID_VQPCIP,ID_VQPCIP.fastq,645
ID_VQPPSZ,ID_VQPPSZ.fastq,646
ID_VQYBAZ,ID_VQYBAZ.fastq,647
ID_VRJULS,ID_VRJULS.fastq,648
ID_VRLNGU,ID_VRLNGU.fastq,649
ID_VSCOTZ,ID_VSCOTZ.fastq,650
ID_VSDQNW,ID_VSDQNW.fastq,651
ID_VSLBOO,ID_VSLBOO.fastq,652
ID_VSLOQL,ID_VSLOQL.fastq,653
ID_VSMHBD,ID_VSMHBD.fastq,654
ID_VSMYMP,ID_VSMYMP.fastq,655
ID_VSRKKN,ID_VSRKKN.fastq,656
ID_VTPFWS,ID_VTPFWS.fastq,657
ID_VULJOA,ID_VULJOA.fastq,658
ID_VVAHJX,ID_VVAHJX.fastq,659
ID_VVAQKR,ID_VVAQKR.fastq,660
ID_VVAUET,ID_VVAUET.fastq,661
ID_VVFPCN,ID_VVFPCN.fastq,662
ID_VVJJXD,ID_VVJJXD.fastq,663
ID_VVNFHD,ID_VVNFHD.fastq,664
ID_VVODIV,ID_VVODIV.fastq,665
ID_VVRTOS,ID_VVRTOS.fastq,666
ID_VVUKWS,ID_VVUKWS.fastq,667
ID_VWIPST,ID_VWIPST.fastq,668
ID_VWMGWQ,ID_VWMGWQ.fastq,669
ID_VWRDDZ,ID_VWRDDZ.fastq,670
ID_VWVREC,ID_VWVREC.fastq,671
ID_VXKCHV,ID_VXKCHV.fastq,672
ID_VXPAUT,ID_VXPAUT.fastq,673
ID_VYHFFO,ID_VYHFFO.fastq,674
ID_VYTIEJ,ID_VYTIEJ.fastq,675
ID_WAJGDI,ID_WAJGDI.fastq,676
ID_WAOPXR,ID_WAOPXR.fastq,677
ID_WAWPGU,ID_WAWPGU.fastq,678
ID_WBBPMS,ID_WBBPMS.fastq,679
ID_WBJUJR,ID_WBJUJR.fastq,680
ID_WBVXMR,ID_WBVXMR.fastq,681
ID_WCEAYT,ID_WCEAYT.fastq,682
ID_WCEZWY,ID_WCEZWY.fastq,683
ID_WCKFYA,ID_WCKFYA.fastq,684
ID_WCMHIZ,ID_WCMHIZ.fastq,685
ID_WCQAVZ,ID_WCQAVZ.fastq,686
ID_WCQDJF,ID_WCQDJF.fastq,687
ID_WCXHWI,ID_WCXHWI.fastq,688
ID_WDJURR,ID_WDJURR.fastq,689
ID_WDNVHX,ID_WDNVHX.fastq,690
ID_WDZKQB,ID_WDZKQB.fastq,691
ID_WEFMJI,ID_WEFMJI.fastq,692
ID_WELQQH,ID_WELQQH.fastq,693
ID_WFEFQC,ID_WFEFQC.fastq,694
ID_WFFCTH,ID_WFFCTH.fastq,695
ID_WGANSI,ID_WGANSI.fastq,696
ID_WGASAV,ID_WGASAV.fastq,697
ID_WGDJAP,ID_WGDJAP.fastq,698
ID_WGLNOJ,ID_WGLNOJ.fastq,699
ID_WGPTHG,ID_WGPTHG.fastq,700
ID_WHMXHU,ID_WHMXHU.fastq,701
ID_WHXYJX,ID_WHXYJX.fastq,702
ID_WHZQCF,ID_WHZQCF.fastq,703
ID_WILWWE,ID_WILWWE.fastq,704
ID_WIQMRH,ID_WIQMRH.fastq,705
ID_WJCGGX,ID_WJCGGX.fastq,706
ID_WJGQZA,ID_WJGQZA.fastq,707
ID_WJKMFY,ID_WJKMFY.fastq,708
ID_WKDAEE,ID_WKDAEE.fastq,709
ID_WKHSUY,ID_WKHSUY.fastq,710
ID_WKTMQU,ID_WKTMQU.fastq,711
ID_WKXFTG,ID_WKXFTG.fastq,712
ID_WKXJWF,ID_WKXJWF.fastq,713
ID_WKYFSJ,ID_WKYFSJ.fastq,714
ID_WLSZPF,ID_WLSZPF.fastq,715
ID_WLVWOH,ID_WLVWOH.fastq,716
ID_WMBHWT,ID_WMBHWT.fastq,717
ID_WMCAAZ,ID_WMCAAZ.fastq,718
ID_WMJMQM,ID_WMJMQM.fastq,719
ID_WMNFCA,ID_WMNFCA.fastq,720
ID_WNAKTZ,ID_WNAKTZ.fastq,721
ID_WNCPLM,ID_WNCPLM.fastq,722
ID_WNJALJ,ID_WNJALJ.fastq,723
ID_WNLYAU,ID_WNLYAU.fastq,724
ID_WNQFOP,ID_WNQFOP.fastq,725
ID_WNWYAM,ID_WNWYAM.fastq,726
ID_WNWYAR,ID_WNWYAR.fastq,727
ID_WOEQKF,ID_WOEQKF.fastq,728
ID_WOGHKR,ID_WOGHKR.fastq,729
ID_WOGYMR,ID_WOGYMR.fastq,730
ID_WOMUVY,ID_WOMUVY.fastq,731
ID_WOVCNX,ID_WOVCNX.fastq,732
ID_WPDERK,ID_WPDERK.fastq,733
ID_WPGROI,ID_WPGROI.fastq,734
ID_WPLXZS,ID_WPLXZS.fastq,735
ID_WPOTED,ID_WPOTED.fastq,736
ID_WPPAIB,ID_WPPAIB.fastq,737
ID_WPYKJU,ID_WPYKJU.fastq,738
ID_WQHCXU,ID_WQHCXU.fastq,739
ID_WQRNAT,ID_WQRNAT.fastq,740
ID_WQXVVJ,ID_WQXVVJ.fastq,741
ID_WRGWIR,ID_WRGWIR.fastq,742
ID_WRJCHK,ID_WRJCHK.fastq,743
ID_WRKYKS,ID_WRKYKS.fastq,744
ID_WRNTKU,ID_WRNTKU.fastq,745
ID_WRQFEF,ID_WRQFEF.fastq,746
ID_WSHGCQ,ID_WSHGCQ.fastq,747
ID_WSMSQK,ID_WSMSQK.fastq,748
ID_WSROHH,ID_WSROHH.fastq,749
ID_WSSRQD,ID_WSSRQD.fastq,750
ID_WTENRK,ID_WTENRK.fastq,751
ID_WTKNFP,ID_WTKNFP.fastq,752
ID_WTVTIP,ID_WTVTIP.fastq,753
ID_WTWALW,ID_WTWALW.fastq,754
ID_WTXVRQ,ID_WTXVRQ.fastq,755
ID_WUSOJQ,ID_WUSOJQ.fastq,756
ID_WUVTDZ,ID_WUVTDZ.fastq,757
ID_WVADKE,ID_WVADKE.fastq,758
ID_WVDYBL,ID_WVDYBL.fastq,759
ID_WVEKZV,ID_WVEKZV.fastq,760
ID_WVFUGN,ID_WVFUGN.fastq,761
ID_WVQJBE,ID_WVQJBE.fastq,762
ID_WVRWRR,ID_WVRWRR.fastq,763
ID_WWCKGV,ID_WWCKGV.fastq,764
ID_WWIESK,ID_WWIESK.fastq,765
ID_WWMIMQ,ID_WWMIMQ.fastq,766
ID_WWQRYN,ID_WWQRYN.fastq,767
ID_WWZDKM,ID_WWZDKM.fastq,768
ID_WXJZUE,ID_WXJZUE.fastq,769
ID_WXNAEK,ID_WXNAEK.fastq,770
ID_WXVUQY,ID_WXVUQY.fastq,771
ID_WXXTTA,ID_WXXTTA.fastq,772
ID_WXYYCL,ID_WXYYCL.fastq,773
ID_WYECGU,ID_WYECGU.fastq,774
ID_WYINVC,ID_WYINVC.fastq,775
ID_WYMMDY,ID_WYMMDY.fastq,776
ID_WYQTCK,ID_WYQTCK.fastq,777
ID_WYXHBI,ID_WYXHBI.fastq,778
ID_WZQPFI,ID_WZQPFI.fastq,779
ID_WZTQEM,ID_WZTQEM.fastq,780
ID_XALKPS,ID_XALKPS.fastq,781
ID_XANFRJ,ID_XANFRJ.fastq,782
ID_XANWNY,ID_XANWNY.fastq,783
ID_XAOUIV,ID_XAOUIV.fastq,784
ID_XAPTWV,ID_XAPTWV.fastq,785
ID_XATBUD,ID_XATBUD.fastq,786
ID_XAXEYT,ID_XAXEYT.fastq,787
ID_XAXZFE,ID_XAXZFE.fastq,788
ID_XBGQMO,ID_XBGQMO.fastq,789
ID_XBHRLM,ID_XBHRLM.fastq,790
ID_XBIHTH,ID_XBIHTH.fastq,791
ID_XBILNU,ID_XBILNU.fastq,792
ID_XBKADQ,ID_XBKADQ.fastq,793
ID_XBNVUK,ID_XBNVUK.fastq,794
ID_XBPMXS,ID_XBPMXS.fastq,795
ID_XBXOWD,ID_XBXOWD.fastq,796
ID_XCABHU,ID_XCABHU.fastq,797
ID_XCBJUA,ID_XCBJUA.fastq,798
ID_XCCMGL,ID_XCCMGL.fastq,799
ID_XCFAIY,ID_XCFAIY.fastq,800
ID_XCRHBR,ID_XCRHBR.fastq,801
ID_XCSJGH,ID_XCSJGH.fastq,802
ID_XCSXPN,ID_XCSXPN.fastq,803
ID_XDFPKZ,ID_XDFPKZ.fastq,804
ID_XDGDOS,ID_XDGDOS.fastq,805
ID_XDRAUL,ID_XDRAUL.fastq,806
ID_XDZTXR,ID_XDZTXR.fastq,807
ID_XECFKU,ID_XECFKU.fastq,808
ID_XEIVSV,ID_XEIVSV.fastq,809
ID_XEKUAZ,ID_XEKUAZ.fastq,810
ID_XERICO,ID_XERICO.fastq,811
ID_XFDQZI,ID_XFDQZI.fastq,812
ID_XFFOKJ,ID_XFFOKJ.fastq,813
ID_XFOKCB,ID_XFOKCB.fastq,814
ID_XFSCTH,ID_XFSCTH.fastq,815
ID_XFVKMF,ID_XFVKMF.fastq,816
ID_XFYPEX,ID_XFYPEX.fastq,817
ID_XGBJSW,ID_XGBJSW.fastq,818
ID_XGGFLJ,ID_XGGFLJ.fastq,819
ID_XGUDOT,ID_XGUDOT.fastq,820
ID_XHAOGA,ID_XHAOGA.fastq,821
ID_XHIIVJ,ID_XHIIVJ.fastq,822
ID_XHNFUM,ID_XHNFUM.fastq,823
ID_XHQABY,ID_XHQABY.fastq,824
ID_XHYIUX,ID_XHYIUX.fastq,825
ID_XICSJO,ID_XICSJO.fastq,826
ID_XIFKYO,ID_XIFKYO.fastq,827
ID_XIKHWR,ID_XIKHWR.fastq,828
ID_XILZHA,ID_XILZHA.fastq,829
ID_XIOQYP,ID_XIOQYP.fastq,830
ID_XISOQZ,ID_XISOQZ.fastq,831
ID_XIVBOG,ID_XIVBOG.fastq,832
ID_XJDWOW,ID_XJDWOW.fastq,833
ID_XJTIUF,ID_XJTIUF.fastq,834
ID_XKGEJA,ID_XKGEJA.fastq,835
ID_XKKXSA,ID_XKKXSA.fastq,836
ID_XKNJRL,ID_XKNJRL.fastq,837
ID_XLJZSZ,ID_XLJZSZ.fastq,838
ID_XLRDEY,ID_XLRDEY.fastq,839
ID_XLYUHH,ID_XLYUHH.fastq,840
ID_XMDUZN,ID_XMDUZN.fastq,841
ID_XMEZOF,ID_XMEZOF.fastq,842
ID_XMTASV,ID_XMTASV.fastq,843
ID_XNARJL,ID_XNARJL.fastq,844
ID_XNKKYX,ID_XNKKYX.fastq,845
ID_XNOYQT,ID_XNOYQT.fastq,846
ID_XOIKPC,ID_XOIKPC.fastq,847
ID_XOKVKY,ID_XOKVKY.fastq,848
ID_XORRLS,ID_XORRLS.fastq,849
ID_XPBLBR,ID_XPBLBR.fastq,850
ID_XPCQXI,ID_XPCQXI.fastq,851
ID_XPIHSS,ID_XPIHSS.fastq,852
ID_XPJQOF,ID_XPJQOF.fastq,853
ID_XPZYIB,ID_XPZYIB.fastq,854
ID_XQHCRX,ID_XQHCRX.fastq,855
ID_XQKQFL,ID_XQKQFL.fastq,856
ID_XQTLQF,ID_XQTLQF.fastq,857
ID_XQZMWO,ID_XQZMWO.fastq,858
ID_XRHSVH,ID_XRHSVH.fastq,859
ID_XRPWHA,ID_XRPWHA.fastq,860
ID_XRQSSB,ID_XRQSSB.fastq,861
ID_XRWPVY,ID_XRWPVY.fastq,862
ID_XSCLCK,ID_XSCLCK.fastq,863
ID_XSDKDD,ID_XSDKDD.fastq,864
ID_XSJRIG,ID_XSJRIG.fastq,865
ID_XSKHAE,ID_XSKHAE.fastq,866
ID_XSMAOF,ID_XSMAOF.fastq,867
ID_XSMEZS,ID_XSMEZS.fastq,868
ID_XSONSW,ID_XSONSW.fastq,869
ID_XSXUQD,ID_XSXUQD.fastq,870
ID_XTDKNW,ID_XTDKNW.fastq,871
ID_XTPJKT,ID_XTPJKT.fastq,872
ID_XTVRPM,ID_XTVRPM.fastq,873
ID_XTWZOA,ID_XTWZOA.fastq,874
ID_XTYKCD,ID_XTYKCD.fastq,875
ID_XUAESG,ID_XUAESG.fastq,876
ID_XUBOWK,ID_XUBOWK.fastq,877
ID_XUFXON,ID_XUFXON.fastq,878
ID_XUGGFK,ID_XUGGFK.fastq,879
ID_XUGIWH,ID_XUGIWH.fastq,880
ID_XUIDMB,ID_XUIDMB.fastq,881
ID_XUSWNW,ID_XUSWNW.fastq,882
ID_XVBLGZ,ID_XVBLGZ.fastq,883
ID_XVFCCM,ID_XVFCCM.fastq,884
ID_XVHZTJ,ID_XVHZTJ.fastq,885
ID_XVLECJ,ID_XVLECJ.fastq,886
ID_XVOGMT,ID_XVOGMT.fastq,887
ID_XVRCQZ,ID_XVRCQZ.fastq,888
ID_XVSZJN,ID_XVSZJN.fastq,889
ID_XVYPNE,ID_XVYPNE.fastq,890
ID_XWGQGN,ID_XWGQGN.fastq,891
ID_XWNHEK,ID_XWNHEK.fastq,892
ID_XWNZIJ,ID_XWNZIJ.fastq,893
ID_XWOHPE,ID_XWOHPE.fastq,894
ID_XWSNQG,ID_XWSNQG.fastq,895
ID_XWTYRR,ID_XWTYRR.fastq,896
ID_XXOVHN,ID_XXOVHN.fastq,897
ID_XXQHTR,ID_XXQHTR.fastq,898
ID_XXTUZG,ID_XXTUZG.fastq,899
ID_XYKSNO,ID_XYKSNO.fastq,900
ID_XYTOOH,ID_XYTOOH.fastq,901
ID_XZGDUV,ID_XZGDUV.fastq,902
ID_XZIPUY,ID_XZIPUY.fastq,903
ID_XZQNJC,ID_XZQNJC.fastq,904
ID_XZTGTM,ID_XZTGTM.fastq,905
ID_XZXYVB,ID_XZXYVB.fastq,906
ID_YAVLWC,ID_YAVLWC.fastq,907
ID_YBHSND,ID_YBHSND.fastq,908
ID_YBMPZU,ID_YBMPZU.fastq,909
ID_YCHBHI,ID_YCHBHI.fastq,910
ID_YCRAPS,ID_YCRAPS.fastq,911
ID_YCVVNK,ID_YCVVNK.fastq,912
ID_YCYMHV,ID_YCYMHV.fastq,913
ID_YDESLY,ID_YDESLY.fastq,914
ID_YDUJBR,ID_YDUJBR.fastq,915
ID_YEAVHZ,ID_YEAVHZ.fastq,916
ID_YEEIOD,ID_YEEIOD.fastq,917
ID_YEFAKR,ID_YEFAKR.fastq,918
ID_YESAOQ,ID_YESAOQ.fastq,919
ID_YFDQOL,ID_YFDQOL.fastq,920
ID_YFHQAT,ID_YFHQAT.fastq,921
ID_YFHSMP,ID_YFHSMP.fastq,922
ID_YFSAWQ,ID_YFSAWQ.fastq,923
ID_YFVHFV,ID_YFVHFV.fastq,924
ID_YGLVNP,ID_YGLVNP.fastq,925
ID_YGRVVH,ID_YGRVVH.fastq,926
ID_YGVQNI,ID_YGVQNI.fastq,927
ID_YHBRYG,ID_YHBRYG.fastq,928
ID_YHDJUN,ID_YHDJUN.fastq,929
ID_YHYYRW,ID_YHYYRW.fastq,930
ID_YIIRKN,ID_YIIRKN.fastq,931
ID_YJAQRT,ID_YJAQRT.fastq,932
ID_YJMFYB,ID_YJMFYB.fastq,933
ID_YJSENM,ID_YJSENM.fastq,934
ID_YJWXGF,ID_YJWXGF.fastq,935
ID_YKGJPT,ID_YKGJPT.fastq,936
ID_YKOHHM,ID_YKOHHM.fastq,937
ID_YKQFHY,ID_YKQFHY.fastq,938
ID_YKXTBQ,ID_YKXTBQ.fastq,939
ID_YLBKAZ,ID_YLBKAZ.fastq,940
ID_YLJAIY,ID_YLJAIY.fastq,941
ID_YLWJHX,ID_YLWJHX.fastq,942
ID_YLXGRT,ID_YLXGRT.fastq,943
ID_YLZIMM,ID_YLZIMM.fastq,944
ID_YMBMYW,ID_YMBMYW.fastq,945
ID_YMCEMI,ID_YMCEMI.fastq,946
ID_YMWRIQ,ID_YMWRIQ.fastq,947
ID_YMXOOB,ID_YMXOOB.fastq,948
ID_YNJESO,ID_YNJESO.fastq,949
ID_YNVVHX,ID_YNVVHX.fastq,950
ID_YNXIJI,ID_YNXIJI.fastq,951
ID_YNYIET,ID_YNYIET.fastq,952
ID_YOMSFF,ID_YOMSFF.fastq,953
ID_YOSUOT,ID_YOSUOT.fastq,954
ID_YPMVYN,ID_YPMVYN.fastq,955
ID_YPQLLE,ID_YPQLLE.fastq,956
ID_YPUNMG,ID_YPUNMG.fastq,957
ID_YPXSZR,ID_YPXSZR.fastq,958
ID_YQCICJ,ID_YQCICJ.fastq,959
ID_YQECMA,ID_YQECMA.fastq,960
ID_YQXFFD,ID_YQXFFD.fastq,961
ID_YRAVSK,ID_YRAVSK.fastq,962
ID_YRBMHS,ID_YRBMHS.fastq,963
ID_YRBVBR,ID_YRBVBR.fastq,964
ID_YRJKMU,ID_YRJKMU.fastq,965
ID_YRXTMX,ID_YRXTMX.fastq,966
ID_YSQQIS,ID_YSQQIS.fastq,967
ID_YTEVFD,ID_YTEVFD.fastq,968
ID_YTHITE,ID_YTHITE.fastq,969
ID_YTHQYP,ID_YTHQYP.fastq,970
ID_YTSIOM,ID_YTSIOM.fastq,971
ID_YTTFWP,ID_YTTFWP.fastq,972
ID_YUZIHW,ID_YUZIHW.fastq,973
ID_YVDCHX,ID_YVDCHX.fastq,974
ID_YVIUKY,ID_YVIUKY.fastq,975
ID_YVLPBA,ID_YVLPBA.fastq,976
ID_YVQYII,ID_YVQYII.fastq,977
ID_YVUVOX,ID_YVUVOX.fastq,978
ID_YWCXWH,ID_YWCXWH.fastq,979
ID_YWFRFO,ID_YWFRFO.fastq,980
ID_YWJLTO,ID_YWJLTO.fastq,981
ID_YWNLJH,ID_YWNLJH.fastq,982
ID_YWZLUZ,ID_YWZLUZ.fastq,983
ID_YXFRWS,ID_YXFRWS.fastq,984
ID_YXJTTH,ID_YXJTTH.fastq,985
ID_YXKPNK,ID_YXKPNK.fastq,986
ID_YZAHFE,ID_YZAHFE.fastq,987
ID_YZEHWH,ID_YZEHWH.fastq,988
ID_YZJMCN,ID_YZJMCN.fastq,989
ID_YZRYLC,ID_YZRYLC.fastq,990
ID_YZVETW,ID_YZVETW.fastq,991
ID_YZXJOB,ID_YZXJOB.fastq,992
ID_YZXRFR,ID_YZXRFR.fastq,993
ID_ZAAWOD,ID_ZAAWOD.fastq,994
ID_ZAEDSH,ID_ZAEDSH.fastq,995
ID_ZAHRNP,ID_ZAHRNP.fastq,996
ID_ZAHWUZ,ID_ZAHWUZ.fastq,997
ID_ZAJWZB,ID_ZAJWZB.fastq,998
ID_ZAMJYL,ID_ZAMJYL.fastq,999
ID_ZAUKLM,ID_ZAUKLM.fastq,1000
ID_ZAXKQP,ID_ZAXKQP.fastq,1001
ID_ZBAOZJ,ID_ZBAOZJ.fastq,1002
ID_ZBQZRS,ID_ZBQZRS.fastq,1003
ID_ZCWHCG,ID_ZCWHCG.fastq,1004
ID_ZCYCUO,ID_ZCYCUO.fastq,1005
ID_ZCZVTV,ID_ZCZVTV.fastq,1006
ID_ZDHMQR,ID_ZDHMQR.fastq,1007
ID_ZDSGNW,ID_ZDSGNW.fastq,1008
ID_ZDZVRI,ID_ZDZVRI.fastq,1009
ID_ZEDTVX,ID_ZEDTVX.fastq,1010
ID_ZEIPZR,ID_ZEIPZR.fastq,1011
ID_ZENCGY,ID_ZENCGY.fastq,1012
ID_ZEQHCB,ID_ZEQHCB.fastq,1013
ID_ZFHKOU,ID_ZFHKOU.fastq,1014
ID_ZFLLRC,ID_ZFLLRC.fastq,1015
ID_ZFMMAH,ID_ZFMMAH.fastq,1016
ID_ZFNVUN,ID_ZFNVUN.fastq,1017
ID_ZFRIGU,ID_ZFRIGU.fastq,1018
ID_ZFWFCZ,ID_ZFWFCZ.fastq,1019
ID_ZGAIHF,ID_ZGAIHF.fastq,1020
ID_ZGHVCL,ID_ZGHVCL.fastq,1021
ID_ZGIETG,ID_ZGIETG.fastq,1022
ID_ZGJHVN,ID_ZGJHVN.fastq,1023
ID_ZGLZED,ID_ZGLZED.fastq,1024
ID_ZGSYNX,ID_ZGSYNX.fastq,1025
ID_ZGTFOL,ID_ZGTFOL.fastq,1026
ID_ZGURGG,ID_ZGURGG.fastq,1027
ID_ZGZYLL,ID_ZGZYLL.fastq,1028
ID_ZHJQFM,ID_ZHJQFM.fastq,1029
ID_ZHNWLW,ID_ZHNWLW.fastq,1030
ID_ZHPMRB,ID_ZHPMRB.fastq,1031
ID_ZHUUNE,ID_ZHUUNE.fastq,1032
ID_ZHYLGL,ID_ZHYLGL.fastq,1033
ID_ZIOZLG,ID_ZIOZLG.fastq,1034
ID_ZISBMF,ID_ZISBMF.fastq,1035
ID_ZIUUAI,ID_ZIUUAI.fastq,1036
ID_ZJFLTR,ID_ZJFLTR.fastq,1037
ID_ZJGGBG,ID_ZJGGBG.fastq,1038
ID_ZJTFNK,ID_ZJTFNK.fastq,1039
ID_ZKKANZ,ID_ZKKANZ.fastq,1040
ID_ZKKGLV,ID_ZKKGLV.fastq,1041
ID_ZKOCNN,ID_ZKOCNN.fastq,1042
ID_ZKUMLW,ID_ZKUMLW.fastq,1043
ID_ZKUZMC,ID_ZKUZMC.fastq,1044
ID_ZLCGOE,ID_ZLCGOE.fastq,1045
ID_ZLGBRN,ID_ZLGBRN.fastq,1046
ID_ZLHFQL,ID_ZLHFQL.fastq,1047
ID_ZMAVZH,ID_ZMAVZH.fastq,1048
ID_ZMCZDX,ID_ZMCZDX.fastq,1049
ID_ZMXLYY,ID_ZMXLYY.fastq,1050
ID_ZMXUVP,ID_ZMXUVP.fastq,1051
ID_ZNNJFB,ID_ZNNJFB.fastq,1052
ID_ZOAOHK,ID_ZOAOHK.fastq,1053
ID_ZOLZTK,ID_ZOLZTK.fastq,1054
ID_ZOPFIL,ID_ZOPFIL.fastq,1055
ID_ZPAQEL,ID_ZPAQEL.fastq,1056
ID_ZPBTQI,ID_ZPBTQI.fastq,1057
ID_ZPCIJR,ID_ZPCIJR.fastq,1058
ID_ZPGRUW,ID_ZPGRUW.fastq,1059
ID_ZPHRGA,ID_ZPHRGA.fastq,1060
ID_ZPJSHG,ID_ZPJSHG.fastq,1061
ID_ZPTPOH,ID_ZPTPOH.fastq,1062
ID_ZQGMWB,ID_ZQGMWB.fastq,1063
ID_ZQJFUH,ID_ZQJFUH.fastq,1064
ID_ZQLZWG,ID_ZQLZWG.fastq,1065
ID_ZRCPNL,ID_ZRCPNL.fastq,1066
ID_ZROMGX,ID_ZROMGX.fastq,1067
ID_ZRPYCD,ID_ZRPYCD.fastq,1068
ID_ZRRCQU,ID_ZRRCQU.fastq,1069
ID_ZRZVRS,ID_ZRZVRS.fastq,1070
ID_ZSFGYA,ID_ZSFGYA.fastq,1071
ID_ZSJJGO,ID_ZSJJGO.fastq,1072
ID_ZSRBWE,ID_ZSRBWE.fastq,1073
ID_ZSRFKW,ID_ZSRFKW.fastq,1074
ID_ZSTCSS,ID_ZSTCSS.fastq,1075
ID_ZSTWJU,ID_ZSTWJU.fastq,1076
ID_ZSZHZB,ID_ZSZHZB.fastq,1077
ID_ZSZPXS,ID_ZSZPXS.fastq,1078
ID_ZSZYLD,ID_ZSZYLD.fastq,1079
ID_ZULNRB,ID_ZULNRB.fastq,1080
ID_ZVKAWO,ID_ZVKAWO.fastq,1081
ID_ZVMDJN,ID_ZVMDJN.fastq,1082
ID_ZVRDUZ,ID_ZVRDUZ.fastq,1083
ID_ZVTPWO,ID_ZVTPWO.fastq,1084
ID_ZVVJQN,ID_ZVVJQN.fastq,1085
ID_ZWGMUS,ID_ZWGMUS.fastq,1086
ID_ZWHQVV,ID_ZWHQVV.fastq,1087
ID_ZWOUUE,ID_ZWOUUE.fastq,1088
ID_ZWZOMC,ID_ZWZOMC.fastq,1089
ID_ZWZXST,ID_ZWZXST.fastq,1090
ID_ZXEKQS,ID_ZXEKQS.fastq,1091
ID_ZXIILH,ID_ZXIILH.fastq,1092
ID_ZXRPNZ,ID_ZXRPNZ.fastq,1093
ID_ZXURUA,ID_ZXURUA.fastq,1094
ID_ZYCZSF,ID_ZYCZSF.fastq,1095
ID_ZYFFWQ,ID_ZYFFWQ.fastq,1096
ID_ZYFOXW,ID_ZYFOXW.fastq,1097
ID_ZYFWBC,ID_ZYFWBC.fastq,1098
ID_ZYKVEV,ID_ZYKVEV.fastq,1099
ID_ZZITVD,ID_ZZITVD.fastq,1100
ID_ZZJLKK,ID_ZZJLKK.fastq,1101
ID_ZZMKVJ,ID_ZZMKVJ.fastq,1102
ID_ZZTOHP,ID_ZZTOHP.fastq,1103
ID_ZZVNNS,ID_ZZVNNS.fastq,1104
ID_ZZXNUV,ID_ZZXNUV.fastq,1105
